{
    "loss": 4.387170314788818,
    "accuracy": 0.13636364042758942
}